Workbook

Sheet 1. Instrucciones
B1: INVENTARIO DEL BANCO DE PRUEBAS
B2: M0-01 | Plataforma de diagnóstico, recuperación y reparación móvil
B3: Objetivo: conocer con datos reales qué mecanismos son alcanzables con material legítimo. Este archivo es la fuente de la matriz de cobertura y del informe de viabilidad (M0-17).
B5: Hoja 2. Inventario | C5: Un registro por equipo físico. Es la fuente de verdad del banco. Llenar TODAS las columnas grises obligatorias.
B6: Hoja 3. Matriz de cobertura | C6: Se calcula sola a partir del Inventario. No editar a mano. Es el KPI de M0 y de todo el proyecto.
B7: Hoja 4. Bitácora de spikes | C7: Un registro por prueba de mecanismo (M0-03 a M0-08). Aquí se documenta lo que funciona, lo que no, y por qué.
B8: Hoja 5. Listas | C8: Valores válidos de los desplegables. Editar aquí para ampliar opciones.
B10: Regla de oro | C10: Ningún equipo entra al banco sin quedar fichado. Un equipo sin ficha es una cobertura que no se puede demostrar.
B11: Fallas | C11: Si un mecanismo falla, se anota el fallo con su causa. La matriz sin maquillar es lo que permite vender cobertura verificada.
B12: Procedencia | C12: Para cada loader / auth file / firmware usado, registrar origen y hash en la Bitácora. Requisito legal (M0-12), no administrativo.
B13: Qué NO hacer | C13: No fichar equipos de clientes con datos personales. Este archivo es infraestructura del banco, no una base de clientes.

Sheet 2. Inventario
A1: ID | B1: Marca | C1: Modelo | D1: Variante / Región | E1: SoC fabricante | F1: SoC modelo | G1: Plataforma | H1: Mecanismo accesible | I1: Requiere auth / token | J1: Bootloader | K1: Estado del equipo | L1: Nivel máx. alcanzable | M1: T1 | N1: T2 | O1: T3 | P1: T4 | Q1: Ubicación en banco | R1: Casos asignados | S1: Última verificación | T1: Verificado por | U1: Notas
A2: BF-001 | B2: Samsung | C2: Galaxy A13 | D2: SM-A135M / LATAM | E2: MediaTek | F2: MT6769 Helio G80 | G2: Android | H2: BROM / Preloader (MTK) | I2: Sí - propio | J2: Desbloqueado | K2: Bootloop | L2: L4 build.prop | M2: Sí | N2: Sí | O2: Parcial | P2: Parcial | Q2: Estante A | R2: Diagnóstico + T2 | U2: Ejemplo: rellenar o borrar
A3: BF-002 | B3: Xiaomi / Redmi / POCO | C3: Redmi 9A | D3: M2006C3LG / Global | E3: MediaTek | F3: MT6762 Helio G25 | G3: Android | H3: BROM / Preloader (MTK) | I3: Sí - requiere tercero legítimo | J3: Bloqueado | K3: No enciende | L3: L3 GPT | M3: Sí | N3: Parcial | O3: No | P3: — | Q3: Hub 1 | R3: Unbrick | U3: Ejemplo: DAA/SLA presente
A4: BF-003 | B4: Motorola | C4: Moto G31 | D4: XT2173 / LATAM | E4: MediaTek | F4: MT6769V | G4: Android | H4: BROM / Preloader (MTK) | I4: No | J4: Desbloqueado | K4: Funciona / enciende | L4: L6 baseband | M4: Sí | N4: Sí | O4: Sí | P4: Parcial | Q4: Estante B | R4: Referencia de identidad | U4: Ejemplo: equipo de control
A5: BF-004 | B5: Apple | C5: iPhone 11 | D5: A2221 | E5: Apple | F5: A13 Bionic | G5: iOS | H5: DFU (Apple) | I5: Sí - propio | J5: No aplica | K5: Funciona / enciende | L5: L4 build.prop | M5: Sí | N5: No | O5: No | P5: Parcial | Q5: Estante C | R5: Restore firmado + backup | U5: Ejemplo: sin downgrade

Sheet 5. Listas
A1: Valores válidos (editar aquí para ampliar los desplegables)
A3: Marca | B3: Samsung | C3: Xiaomi / Redmi / POCO | D3: Motorola | E3: Tecno | F3: Infinix | G3: itel | H3: ZTE | I3: OPPO | J3: realme | K3: vivo | L3: Honor | M3: Huawei | N3: Apple | O3: Google | P3: Nokia | Q3: Otro
A4: SoC fabricante | B4: Qualcomm | C4: MediaTek | D4: Unisoc | E4: Exynos | F4: HiSilicon | G4: Apple | H4: Google Tensor | I4: Desconocido
A5: Mecanismo | B5: BROM / Preloader (MTK) | C5: EDL 9008 + Sahara (QC) | D5: FDL (Unisoc) | E5: EUB (Exynos) | F5: DFU (Apple) | G5: Fastboot | H5: Solo ADB | I5: Ninguno
A6: Auth | B6: Sí - propio | C6: Sí - requiere tercero legítimo | D6: No | E6: Desconocido
A7: Bootloader | B7: Desbloqueado | C7: Bloqueado | D7: No aplica | E7: Desconocido
A8: Estado | B8: Funciona / enciende | C8: Bootloop | D8: No enciende | E8: Solo recovery | F8: Solo BROM/EDL | G8: Brick total | H8: Muerto (hardware)
A9: Nivel | B9: L0 descriptor USB | C9: L1 interface | D9: L2 handshake | E9: L3 GPT | F9: L4 build.prop | G9: L5 board ID | H9: L6 baseband
A10: Sí/Parcial/No | B10: Sí | C10: Parcial | D10: No | E10: —
A11: Plataforma | B11: Android | C11: iOS | D11: Otro
A12: Ubicación | B12: Estante A | C12: Estante B | D12: Estante C | E12: Hub 1 | F12: Hub 2 | G12: Caja pendientes | H12: Rack de caos

Sheet 3. Matriz de cobertura
A1: MATRIZ DE COBERTURA — calculada desde Inventario
A2: No editar a mano. Rango considerado: filas 2 a 400 de la hoja Inventario.
A4: 1. Equipos por mecanismo de acceso
A5: Mecanismo | B5: Equipos | C5: % del banco | D5: Con auth requerida
A6: BROM / Preloader (MTK) | B6: =COUNTIF('2. Inventario'!$H$2:$H$400,$A6) -> 3 | C6: =IFERROR(B6/COUNTA('2. Inventario'!$A$2:$A$400),0) -> 0.75 | D6: =_xlfn.COUNTIFS('2. Inventario'!$H$2:$H$400,$A6,'2. Inventario'!$I$2:$I$400,"Sí*") -> 2
A7: EDL 9008 + Sahara (QC) | B7: =COUNTIF('2. Inventario'!$H$2:$H$400,$A7) -> 0 | C7: =IFERROR(B7/COUNTA('2. Inventario'!$A$2:$A$400),0) -> 0 | D7: =_xlfn.COUNTIFS('2. Inventario'!$H$2:$H$400,$A7,'2. Inventario'!$I$2:$I$400,"Sí*") -> 0
A8: FDL (Unisoc) | B8: =COUNTIF('2. Inventario'!$H$2:$H$400,$A8) -> 0 | C8: =IFERROR(B8/COUNTA('2. Inventario'!$A$2:$A$400),0) -> 0 | D8: =_xlfn.COUNTIFS('2. Inventario'!$H$2:$H$400,$A8,'2. Inventario'!$I$2:$I$400,"Sí*") -> 0
A9: EUB (Exynos) | B9: =COUNTIF('2. Inventario'!$H$2:$H$400,$A9) -> 0 | C9: =IFERROR(B9/COUNTA('2. Inventario'!$A$2:$A$400),0) -> 0 | D9: =_xlfn.COUNTIFS('2. Inventario'!$H$2:$H$400,$A9,'2. Inventario'!$I$2:$I$400,"Sí*") -> 0
A10: DFU (Apple) | B10: =COUNTIF('2. Inventario'!$H$2:$H$400,$A10) -> 1 | C10: =IFERROR(B10/COUNTA('2. Inventario'!$A$2:$A$400),0) -> 0.25 | D10: =_xlfn.COUNTIFS('2. Inventario'!$H$2:$H$400,$A10,'2. Inventario'!$I$2:$I$400,"Sí*") -> 1
A11: Fastboot | B11: =COUNTIF('2. Inventario'!$H$2:$H$400,$A11) -> 0 | C11: =IFERROR(B11/COUNTA('2. Inventario'!$A$2:$A$400),0) -> 0 | D11: =_xlfn.COUNTIFS('2. Inventario'!$H$2:$H$400,$A11,'2. Inventario'!$I$2:$I$400,"Sí*") -> 0
A12: Solo ADB | B12: =COUNTIF('2. Inventario'!$H$2:$H$400,$A12) -> 0 | C12: =IFERROR(B12/COUNTA('2. Inventario'!$A$2:$A$400),0) -> 0 | D12: =_xlfn.COUNTIFS('2. Inventario'!$H$2:$H$400,$A12,'2. Inventario'!$I$2:$I$400,"Sí*") -> 0
A13: Ninguno | B13: =COUNTIF('2. Inventario'!$H$2:$H$400,$A13) -> 0 | C13: =IFERROR(B13/COUNTA('2. Inventario'!$A$2:$A$400),0) -> 0 | D13: =_xlfn.COUNTIFS('2. Inventario'!$H$2:$H$400,$A13,'2. Inventario'!$I$2:$I$400,"Sí*") -> 0
A15: 2. Nivel más alto alcanzado (escalera L0-L6)
A16: Nivel | B16: Equipos | C16: % del banco
A17: L0 descriptor USB | B17: =COUNTIF('2. Inventario'!$L$2:$L$400,$A17) -> 0 | C17: =IFERROR(B17/COUNTA('2. Inventario'!$A$2:$A$400),0) -> 0
A18: L1 interface | B18: =COUNTIF('2. Inventario'!$L$2:$L$400,$A18) -> 0 | C18: =IFERROR(B18/COUNTA('2. Inventario'!$A$2:$A$400),0) -> 0
A19: L2 handshake | B19: =COUNTIF('2. Inventario'!$L$2:$L$400,$A19) -> 0 | C19: =IFERROR(B19/COUNTA('2. Inventario'!$A$2:$A$400),0) -> 0
A20: L3 GPT | B20: =COUNTIF('2. Inventario'!$L$2:$L$400,$A20) -> 1 | C20: =IFERROR(B20/COUNTA('2. Inventario'!$A$2:$A$400),0) -> 0.25
A21: L4 build.prop | B21: =COUNTIF('2. Inventario'!$L$2:$L$400,$A21) -> 2 | C21: =IFERROR(B21/COUNTA('2. Inventario'!$A$2:$A$400),0) -> 0.5
A22: L5 board ID | B22: =COUNTIF('2. Inventario'!$L$2:$L$400,$A22) -> 0 | C22: =IFERROR(B22/COUNTA('2. Inventario'!$A$2:$A$400),0) -> 0
A23: L6 baseband | B23: =COUNTIF('2. Inventario'!$L$2:$L$400,$A23) -> 1 | C23: =IFERROR(B23/COUNTA('2. Inventario'!$A$2:$A$400),0) -> 0.25
A25: 3. Cobertura por nivel de intervención (T1-T4)
A26: Nivel | B26: Sí | C26: Parcial | D26: No | E26: — | F26: % Sí
A27: T1 diagnóstico | B27: =COUNTIF('2. Inventario'!$M$2:$M$400,"Sí") -> 4 | C27: =COUNTIF('2. Inventario'!$M$2:$M$400,"Parcial") -> 0 | D27: =COUNTIF('2. Inventario'!$M$2:$M$400,"No") -> 0 | E27: =COUNTIF('2. Inventario'!$M$2:$M$400,"—") -> 0 | F27: =IFERROR(B27/COUNTA('2. Inventario'!$A$2:$A$400),0) -> 1
A28: T2 arranque | B28: =COUNTIF('2. Inventario'!$N$2:$N$400,"Sí") -> 2 | C28: =COUNTIF('2. Inventario'!$N$2:$N$400,"Parcial") -> 1 | D28: =COUNTIF('2. Inventario'!$N$2:$N$400,"No") -> 1 | E28: =COUNTIF('2. Inventario'!$N$2:$N$400,"—") -> 0 | F28: =IFERROR(B28/COUNTA('2. Inventario'!$A$2:$A$400),0) -> 0.5
A29: T3 particiones | B29: =COUNTIF('2. Inventario'!$O$2:$O$400,"Sí") -> 1 | C29: =COUNTIF('2. Inventario'!$O$2:$O$400,"Parcial") -> 1 | D29: =COUNTIF('2. Inventario'!$O$2:$O$400,"No") -> 2 | E29: =COUNTIF('2. Inventario'!$O$2:$O$400,"—") -> 0 | F29: =IFERROR(B29/COUNTA('2. Inventario'!$A$2:$A$400),0) -> 0.25
A30: T4 datos | B30: =COUNTIF('2. Inventario'!$P$2:$P$400,"Sí") -> 0 | C30: =COUNTIF('2. Inventario'!$P$2:$P$400,"Parcial") -> 3 | D30: =COUNTIF('2. Inventario'!$P$2:$P$400,"No") -> 0 | E30: =COUNTIF('2. Inventario'!$P$2:$P$400,"—") -> 1 | F30: =IFERROR(B30/COUNTA('2. Inventario'!$A$2:$A$400),0) -> 0
A32: 4. KPI del hito M0
A33: Indicador | B33: Valor
A34: Equipos fichados | B34: =COUNTA('2. Inventario'!$A$2:$A$400) -> 4
A35: Mecanismos con al menos 1 equipo (objetivo: 4) | B35: =COUNTIF($B$6:$B$13,">0") -> 2
A36: % identificado a nivel modelo o superior (objetivo M2: 85%) | B36: =IFERROR(_xlfn.COUNTIFS('2. Inventario'!$L$2:$L$400,"L4 build.prop")+_xlfn.COUNTIFS('2. Inventario'!$L$2:$L$400,"L5 board ID")+_xlfn.COUNTIFS('2. Inventario'!$L$2:$L$400,"L6 baseband"),0)/COUNTA('2. Inventario'!$A$2:$A$400) -> 0.75
A37: Equipos con T2 soportado (objetivo M5: 50%) | B37: =IFERROR(COUNTIF('2. Inventario'!$N$2:$N$400,"Sí")/COUNTA('2. Inventario'!$A$2:$A$400),0) -> 0.5
A38: Equipos con T3 soportado (objetivo M7: 70% incl. plugins OEM) | B38: =IFERROR(COUNTIF('2. Inventario'!$O$2:$O$400,"Sí")/COUNTA('2. Inventario'!$A$2:$A$400),0) -> 0.25

Sheet 4. Bitácora de spikes
A1: Fecha | B1: Spike / ID | C1: Mecanismo | D1: Equipo (ID banco) | E1: Resultado | F1: Lectura OK | G1: Escritura OK | H1: Tiempo (s) | I1: Auth / token usado | J1: Procedencia del material (origen + hash) | K1: Hallazgos / códigos de error | L1: Archivos generados
